"status","frontend_method","frontend_endpoint","backend_method","backend_endpoint","backend_controller","backend_action","frontend_files"
"matched","DELETE","/api/categorias/{id}","DELETE","/api/Categorias/{id:guid}","CategoriasController","DeleteAsync","Facturacion.Frontend/Pages/Categorias.cshtml.cs:174"
"matched","DELETE","/api/clientes/{id}","DELETE","/api/Clientes/{id:guid}","ClientesController","DeleteAsync","Facturacion.Frontend/Pages/Clientes.cshtml.cs:152"
"matched","DELETE","/api/consecutivos/{id}","DELETE","/api/Consecutivos/{id:guid}","ConsecutivosController","DeleteAsync","Facturacion.Frontend/Pages/Empresas.cshtml.cs:730"
"matched","DELETE","/api/Documentos/{id}","DELETE","/api/Documentos/{id:guid}","DocumentosController","DeleteAsync","Facturacion.Frontend/Pages/DocumentoDetalle.cshtml.cs:93; Facturacion.Frontend/Pages/Documentos.cshtml.cs:249"
"matched","DELETE","/api/empresas/{id}","DELETE","/api/Empresas/{id:guid}","EmpresasController","DeleteAsync","Facturacion.Frontend/Pages/Empresas.cshtml.cs:326"
"matched","DELETE","/api/gastos/{id}","DELETE","/api/Gastos/{id:guid}","GastosController","DeleteAsync","Facturacion.Frontend/Pages/Gasto.cshtml.cs:163"
"matched","DELETE","/api/Inventarios/{id}","DELETE","/api/Inventarios/{id:guid}","InventariosController","DeleteAsync","Facturacion.Frontend/Pages/Inventario.cshtml.cs:368"
"matched","DELETE","/api/productos/{id}","DELETE","/api/Productos/{id:guid}","ProductosController","DeleteAsync","Facturacion.Frontend/Pages/Productos.cshtml.cs:172"
"matched","DELETE","/api/proveedores/{id}","DELETE","/api/Proveedores/{id:guid}","ProveedoresController","DeleteAsync","Facturacion.Frontend/Pages/Proveedores.cshtml.cs:142"
"matched","DELETE","/api/roles/{id}","DELETE","/api/Roles/{id}","RolesController","DeleteAsync","Facturacion.Frontend/Pages/Roles.cshtml.cs:243"
"matched","DELETE","/api/sucursales/{id}","DELETE","/api/Sucursales/{id:guid}","SucursalesController","DeleteAsync","Facturacion.Frontend/Pages/Empresas.cshtml.cs:460; Facturacion.Frontend/Pages/Sucursales.cshtml.cs:195"
"matched","DELETE","/api/terminales/{id}","DELETE","/api/Terminales/{id:guid}","TerminalesController","DeleteAsync","Facturacion.Frontend/Pages/Empresas.cshtml.cs:604; Facturacion.Frontend/Pages/Terminales.cshtml.cs:211"
"matched","DELETE","/api/usuarios/{id}","DELETE","/api/Usuarios/{id}","UsuariosController","DeleteAsync","Facturacion.Frontend/Pages/Usuarios.cshtml.cs:243"
"matched","GET","/api/accounts/user-companies","GET","/api/Accounts/user-companies","AccountsController","GetUserCompaniesAsync","Facturacion.Frontend/Pages/Shared/CompanySelector.cshtml.cs:50"
"matched","GET","/api/cabys/{codigo}","GET","/api/Cabys/{codigo}","CabysController","GetAsync","Facturacion.Frontend/Pages/MantenimientoCabys.cshtml.cs:100"
"matched","GET","/api/catalogos/cantones/{provinciaId}","GET","/api/Catalogos/cantones/{provinciaId:int}","CatalogosController","GetCantonesByProvinciaAsync","Facturacion.Frontend/Pages/Clientes.cshtml.cs:197; Facturacion.Frontend/Pages/Empresas.cshtml.cs:140; Facturacion.Frontend/Pages/Facturacion.cshtml.cs:318; Facturacion.Frontend/Pages/Proveedores.cshtml.cs:187"
"matched","GET","/api/catalogos/condiciones-venta","GET","/api/Catalogos/condiciones-venta","CatalogosController","GetCondicionesVenta","Facturacion.Frontend/Pages/CondicionesVenta.cshtml.cs:42"
"matched","GET","/api/catalogos/distritos/{provinciaId}/{cantonId}","GET","/api/Catalogos/distritos/{provinciaId:int}/{cantonId:int}","CatalogosController","GetDistritosByCantonAsync","Facturacion.Frontend/Pages/Clientes.cshtml.cs:220; Facturacion.Frontend/Pages/Empresas.cshtml.cs:163; Facturacion.Frontend/Pages/Facturacion.cshtml.cs:360; Facturacion.Frontend/Pages/Proveedores.cshtml.cs:210"
"matched","GET","/api/catalogos/impuestos","GET","/api/Catalogos/impuestos","CatalogosController","GetImpuestos","Facturacion.Frontend/Pages/ImpuestosPage.cshtml.cs:42; Facturacion.Frontend/Pages/Productos.cshtml.cs:271"
"matched","GET","/api/catalogos/provincias","GET","/api/Catalogos/provincias","CatalogosController","GetProvinciasAsync","Facturacion.Frontend/Pages/Clientes.cshtml.cs:174; Facturacion.Frontend/Pages/Empresas.cshtml.cs:775; Facturacion.Frontend/Pages/Facturacion.cshtml.cs:275; Facturacion.Frontend/Pages/Proveedores.cshtml.cs:164"
"matched","GET","/api/catalogos/unidades-medida","GET","/api/Catalogos/unidades-medida","CatalogosController","GetUnidadesMedida","Facturacion.Frontend/Pages/Productos.cshtml.cs:240; Facturacion.Frontend/Pages/UnidadesMedidaPage.cshtml.cs:42"
"matched","GET","/api/categorias/{id}","GET","/api/Categorias/{id:guid}","CategoriasController","GetAsync","Facturacion.Frontend/Pages/Categorias.cshtml.cs:80"
"matched","GET","/api/categorias/empresa/{empresaId}","GET","/api/Categorias/empresa/{empresaId:guid}","CategoriasController","GetByEmpresaAsync","Facturacion.Frontend/Pages/Productos.cshtml.cs:209"
"matched","GET","/api/Clientes/{clienteId}","GET","/api/Clientes/{id:guid}","ClientesController","GetAsync","Facturacion.Frontend/Pages/Documentos.cshtml.cs:457"
"matched","GET","/api/clientes/{id}","GET","/api/Clientes/{id:guid}","ClientesController","GetAsync","Facturacion.Frontend/Pages/Clientes.cshtml.cs:77; Facturacion.Frontend/Pages/Facturacion.cshtml.cs:89"
"matched","GET","/api/clientes/empresa/{empresaId}","GET","/api/Clientes/empresa/{empresaId:guid}","ClientesController","GetByEmpresaAsync","Facturacion.Frontend/Pages/Clientes.cshtml.cs:55; Facturacion.Frontend/Pages/Documentos.cshtml.cs:152; Facturacion.Frontend/Pages/Facturacion.cshtml.cs:58"
"matched","GET","/api/consecutivos/empresa/{empresaId}","GET","/api/Consecutivos/empresa/{empresaId:guid}","ConsecutivosController","GetByEmpresaAsync","Facturacion.Frontend/Pages/Empresas.cshtml.cs:638"
"matched","GET","/api/dashboard/resumen","GET","/api/Dashboard/resumen","DashboardController","GetResumenAsync","Facturacion.Frontend/Pages/Index.cshtml.cs:41"
"matched","GET","/api/documentos/{documentoId}","GET","/api/Documentos/{id:guid}","DocumentosController","GetAsync","Facturacion.Frontend/Pages/RecibosPago.cshtml.cs:234; Facturacion.Frontend/Pages/RecibosPago.cshtml.cs:410"
"matched","GET","/api/Documentos/{id}","GET","/api/Documentos/{id:guid}","DocumentosController","GetAsync","Facturacion.Frontend/Pages/DocumentoDetalle.cshtml.cs:50; Facturacion.Frontend/Pages/Documentos.cshtml.cs:130; Facturacion.Frontend/Pages/Facturacion.cshtml.cs:495"
"matched","GET","/api/Documentos/{id}/download-zip","GET","/api/Documentos/{id:guid}/download-zip","DocumentosController","DownloadZipAsync","Facturacion.Frontend/Pages/Documentos.cshtml.cs:379"
"matched","GET","/api/Documentos/{id}/respuesta-hacienda","GET","/api/Documentos/{id:guid}/respuesta-hacienda","DocumentosController","GetRespuestaHaciendaAsync","Facturacion.Frontend/Pages/Documentos.cshtml.cs:356"
"matched","GET","/api/Documentos/{id}/xml","GET","/api/Documentos/{id:guid}/xml","DocumentosController","GenerarXmlAsync","Facturacion.Frontend/Pages/Documentos.cshtml.cs:303"
"matched","GET","/api/Documentos?empresaId={empresaId}","GET","/api/Documentos","DocumentosController","GetAsync","Facturacion.Frontend/Pages/Facturacion.cshtml.cs:182"
"matched","GET","/api/documentos?empresaId={empresaId}&tipoDocumento=10","GET","/api/Documentos","DocumentosController","GetAsync","Facturacion.Frontend/Pages/RecibosPago.cshtml.cs:113"
"matched","GET","/api/empresas","GET","/api/Empresas","EmpresasController","GetAsync","Facturacion.Frontend/Pages/Empresas.cshtml.cs:64; Facturacion.Frontend/Pages/Sucursales.cshtml.cs:232"
"matched","GET","/api/empresas/{id}","GET","/api/Empresas/{id:guid}","EmpresasController","GetAsync","Facturacion.Frontend/Pages/Empresas.cshtml.cs:112; Facturacion.Frontend/Pages/Facturacion.cshtml.cs:120"
"matched","GET","/api/empresas/active","GET","/api/Empresas/active","EmpresasController","GetActiveAsync","Facturacion.Frontend/Pages/Usuarios.cshtml.cs:119"
"matched","GET","/api/gastos/{id}","GET","/api/Gastos/{id:guid}","GastosController","GetAsync","Facturacion.Frontend/Pages/Gasto.cshtml.cs:73"
"matched","GET","/api/Inventarios/{id}","GET","/api/Inventarios/{id:guid}","InventariosController","GetAsync","Facturacion.Frontend/Pages/Inventario.cshtml.cs:209"
"matched","GET","/api/Inventarios/bajostock/{empresaId}","GET","/api/Inventarios/bajostock/{empresaId:guid}","InventariosController","GetBajoStockAsync","Facturacion.Frontend/Pages/Inventario.cshtml.cs:171"
"matched","GET","/api/Inventarios/empresa/{empresaId}","GET","/api/Inventarios/empresa/{empresaId:guid}","InventariosController","GetByEmpresaAsync","Facturacion.Frontend/Pages/Inventario.cshtml.cs:53"
"matched","GET","/api/MovimientosInventario/{id}","GET","/api/MovimientosInventario/{id:guid}","MovimientosInventarioController","GetAsync","Facturacion.Frontend/Pages/Movimientos.cshtml.cs:111"
"matched","GET","/api/privilegios","GET","/api/Privilegios","PrivilegiosController","GetAsync","Facturacion.Frontend/Pages/Roles.cshtml.cs:85"
"matched","GET","/api/productos/{id}","GET","/api/Productos/{id:guid}","ProductosController","GetAsync","Facturacion.Frontend/Pages/Productos.cshtml.cs:90"
"matched","GET","/api/Productos/empresa/{empresaId}","GET","/api/Productos/empresa/{empresaId:guid}","ProductosController","GetByEmpresaAsync","Facturacion.Frontend/Pages/Facturacion.cshtml.cs:151; Facturacion.Frontend/Pages/Inventario.cshtml.cs:93; Facturacion.Frontend/Pages/Movimientos.cshtml.cs:149; Facturacion.Frontend/Pages/Productos.cshtml.cs:59"
"matched","GET","/api/proveedores/{id}","GET","/api/Proveedores/{id:guid}","ProveedoresController","GetAsync","Facturacion.Frontend/Pages/Proveedores.cshtml.cs:67"
"matched","GET","/api/recibospago/{doc.Id}","GET","/api/RecibosPago/{reciboId}","RecibosPagoController","GetRecibo","Facturacion.Frontend/Pages/RecibosPago.cshtml.cs:127"
"matched","GET","/api/recibospago/documento/{documentoId}","GET","/api/RecibosPago/documento/{documentoId}","RecibosPagoController","GetDetallePagosDocumento","Facturacion.Frontend/Pages/RecibosPago.cshtml.cs:294"
"matched","GET","/api/recibospago/estadisticas/{empresaId}","GET","/api/RecibosPago/estadisticas/{empresaId}","RecibosPagoController","GetEstadisticasCobranza","Facturacion.Frontend/Pages/RecibosPago.cshtml.cs:183"
"matched","GET","/api/recibospago/pendientes?empresaId={empresaId}&soloVencidos={soloVencidos}","GET","/api/RecibosPago/pendientes","RecibosPagoController","GetDocumentosPendientes","Facturacion.Frontend/Pages/RecibosPago.cshtml.cs:72"
"matched","GET","/api/recibospago/saldo/{documentoId}","GET","/api/RecibosPago/saldo/{documentoId}","RecibosPagoController","GetSaldoPendiente","Facturacion.Frontend/Pages/RecibosPago.cshtml.cs:248"
"matched","GET","/api/reportes/gastos?fechaInicio={fechaInicio}&fechaFin={fechaFin}&categoriaGasto={categoriaGasto}","GET","/api/Reportes/gastos","ReportesController","GetReporteGastosAsync","Facturacion.Frontend/Pages/ReporteGastos.cshtml.cs:43"
"matched","GET","/api/reportes/productos?categoriaId={categoriaId}&estado={estado}&stockBajo={stockBajo}","GET","/api/Reportes/productos","ReportesController","GetReporteProductosAsync","Facturacion.Frontend/Pages/ReporteProductos.cshtml.cs:44"
"matched","GET","/api/roles","GET","/api/Roles","RolesController","GetAsync","Facturacion.Frontend/Pages/Roles.cshtml.cs:51; Facturacion.Frontend/Pages/Usuarios.cshtml.cs:85"
"matched","GET","/api/roles/{id}","GET","/api/Roles/{id}","RolesController","GetAsync","Facturacion.Frontend/Pages/Roles.cshtml.cs:119"
"matched","GET","/api/roles/{id}/privilegios","GET","/api/Roles/{id}/privilegios","RolesController","GetPrivilegiosAsync","Facturacion.Frontend/Pages/Roles.cshtml.cs:153"
"matched","GET","/api/sucursales","GET","/api/Sucursales","SucursalesController","GetAllAsync","Facturacion.Frontend/Pages/AsignarProductosSucursal.cshtml.cs:44; Facturacion.Frontend/Pages/Sucursales.cshtml.cs:49; Facturacion.Frontend/Pages/Terminales.cshtml.cs:47"
"matched","GET","/api/sucursales/{id}","GET","/api/Sucursales/{id:guid}","SucursalesController","GetAsync","Facturacion.Frontend/Pages/Sucursales.cshtml.cs:80"
"matched","GET","/api/Sucursales/empresa/{empresaId}","GET","/api/Sucursales/empresa/{empresaId:guid}","SucursalesController","GetByEmpresaAsync","Facturacion.Frontend/Pages/Documentos.cshtml.cs:174; Facturacion.Frontend/Pages/Empresas.cshtml.cs:361; Facturacion.Frontend/Pages/Empresas.cshtml.cs:495; Facturacion.Frontend/Pages/Facturacion.cshtml.cs:213; Facturacion.Frontend/Pages/Inventario.cshtml.cs:132; Facturacion.Frontend/Pages/Movimientos.cshtml.cs:187"
"matched","GET","/api/terminales/{id}","GET","/api/Terminales/{id:guid}","TerminalesController","GetAsync","Facturacion.Frontend/Pages/Terminales.cshtml.cs:113"
"matched","GET","/api/Terminales/empresa/{empresaId}","GET","/api/Terminales/empresa/{empresaId:guid}","TerminalesController","GetByEmpresaAsync","Facturacion.Frontend/Pages/Documentos.cshtml.cs:196; Facturacion.Frontend/Pages/Facturacion.cshtml.cs:244"
"matched","GET","/api/terminales/sucursal/{sucursal.Id}","GET","/api/Terminales/sucursal/{sucursalId:guid}","TerminalesController","GetBySucursalAsync","Facturacion.Frontend/Pages/Empresas.cshtml.cs:511"
"matched","GET","/api/terminales/sucursal/{sucursalId}","GET","/api/Terminales/sucursal/{sucursalId:guid}","TerminalesController","GetBySucursalAsync","Facturacion.Frontend/Pages/Terminales.cshtml.cs:80"
"matched","GET","/api/usuarios","GET","/api/Usuarios","UsuariosController","GetAsync","Facturacion.Frontend/Pages/Usuarios.cshtml.cs:51"
"matched","GET","/api/usuarios/{id}","GET","/api/Usuarios/{id}","UsuariosController","GetAsync","Facturacion.Frontend/Pages/Usuarios.cshtml.cs:153"
"matched","POST","/api/accounts/login","POST","/api/Accounts/Login","AccountsController","LoginAsync","Facturacion.Frontend/Services/AuthService.cs:37"
"matched","POST","/api/accounts/switch-company","POST","/api/Accounts/switch-company","AccountsController","SwitchCompanyAsync","Facturacion.Frontend/Pages/Shared/CompanySelector.cshtml.cs:96"
"matched","POST","/api/accounts/ValidateCredentials","POST","/api/Accounts/ValidateCredentials","AccountsController","ValidateCredentialsAsync","Facturacion.Frontend/Pages/Auth/Login.cshtml.cs:70"
"matched","POST","/api/categorias","POST","/api/Categorias","CategoriasController","PostAsync","Facturacion.Frontend/Pages/Categorias.cshtml.cs:133"
"matched","POST","/api/clientes","POST","/api/Clientes","ClientesController","PostAsync","Facturacion.Frontend/Pages/Clientes.cshtml.cs:121"
"matched","POST","/api/consecutivos","POST","/api/Consecutivos","ConsecutivosController","PostAsync","Facturacion.Frontend/Pages/Empresas.cshtml.cs:692"
"matched","POST","/api/Documentos","POST","/api/Documentos","DocumentosController","PostAsync","Facturacion.Frontend/Pages/Documentos.cshtml.cs:221; Facturacion.Frontend/Pages/Facturacion.cshtml.cs:405"
"matched","POST","/api/Documentos/{id}/procesar","POST","/api/Documentos/{id:guid}/procesar","DocumentosController","ProcesarYEnviarAsync","Facturacion.Frontend/Pages/Documentos.cshtml.cs:334"
"matched","POST","/api/Documentos/{id}/reenviar","POST","/api/Documentos/{id:guid}/reenviar","DocumentosController","ReenviarAsync","Facturacion.Frontend/Pages/Documentos.cshtml.cs:410"
"matched","POST","/api/Documentos/{id}/reintentar","POST","/api/Documentos/{id:guid}/reintentar","DocumentosController","ReintentarAsync","Facturacion.Frontend/Pages/Documentos.cshtml.cs:480"
"matched","POST","/api/Documentos/enviar-correo","POST","/api/Documentos/enviar-correo","DocumentosController","EnviarCorreoAsync","Facturacion.Frontend/Pages/Documentos.cshtml.cs:435"
"matched","POST","/api/empresas","POST","/api/Empresas","EmpresasController","PostAsync","Facturacion.Frontend/Pages/Empresas.cshtml.cs:260"
"matched","POST","/api/gastos","POST","/api/Gastos","GastosController","PostAsync","Facturacion.Frontend/Pages/Gasto.cshtml.cs:124"
"matched","POST","/api/Inventarios","POST","/api/Inventarios","InventariosController","PostAsync","Facturacion.Frontend/Pages/Inventario.cshtml.cs:245"
"matched","POST","/api/Inventarios/{id}/ajuste","POST","/api/Inventarios/{id:guid}/ajuste","InventariosController","PostAjusteAsync","Facturacion.Frontend/Pages/Inventario.cshtml.cs:287"
"matched","POST","/api/Inventarios/{id}/traslado","POST","/api/Inventarios/{id:guid}/traslado","InventariosController","PostTrasladoAsync","Facturacion.Frontend/Pages/Inventario.cshtml.cs:329"
"matched","POST","/api/productos","POST","/api/Productos","ProductosController","PostAsync","Facturacion.Frontend/Pages/Productos.cshtml.cs:132"
"matched","POST","/api/proveedores","POST","/api/Proveedores","ProveedoresController","PostAsync","Facturacion.Frontend/Pages/Proveedores.cshtml.cs:111"
"matched","POST","/api/recibospago/generar?empresaId={empresaId}&terminalId={terminalId}","POST","/api/RecibosPago/generar","RecibosPagoController","GenerarREP","Facturacion.Frontend/Pages/RecibosPago.cshtml.cs:352"
"matched","POST","/api/roles","POST","/api/Roles","RolesController","PostAsync","Facturacion.Frontend/Pages/Roles.cshtml.cs:200"
"matched","POST","/api/sucursales","POST","/api/Sucursales","SucursalesController","PostAsync","Facturacion.Frontend/Pages/Empresas.cshtml.cs:421; Facturacion.Frontend/Pages/Sucursales.cshtml.cs:155"
"matched","POST","/api/terminales","POST","/api/Terminales","TerminalesController","PostAsync","Facturacion.Frontend/Pages/Empresas.cshtml.cs:566; Facturacion.Frontend/Pages/Terminales.cshtml.cs:169"
"matched","POST","/api/usuarios","POST","/api/Usuarios","UsuariosController","PostAsync","Facturacion.Frontend/Pages/Usuarios.cshtml.cs:200"
"matched","PUT","/api/categorias/{categoriaData.Id}","PUT","/api/Categorias/{id:guid}","CategoriasController","PutAsync","Facturacion.Frontend/Pages/Categorias.cshtml.cs:137"
"matched","PUT","/api/clientes/{clienteData.Id}","PUT","/api/Clientes/{id:guid}","ClientesController","PutAsync","Facturacion.Frontend/Pages/Clientes.cshtml.cs:125"
"matched","PUT","/api/consecutivos/{consecutivo.Id}","PUT","/api/Consecutivos/{id:guid}","ConsecutivosController","PutAsync","Facturacion.Frontend/Pages/Empresas.cshtml.cs:696"
"matched","PUT","/api/Documentos/{documentoId}","PUT","/api/Documentos/{id:guid}","DocumentosController","PutAsync","Facturacion.Frontend/Pages/Facturacion.cshtml.cs:542"
"matched","PUT","/api/empresas/{Empresa.Id}","PUT","/api/Empresas/{id:guid}","EmpresasController","PutAsync","Facturacion.Frontend/Pages/Empresas.cshtml.cs:264"
"matched","PUT","/api/gastos/{gastoData.id}","PUT","/api/Gastos/{id:guid}","GastosController","PutAsync","Facturacion.Frontend/Pages/Gasto.cshtml.cs:128"
"matched","PUT","/api/productos/{productoData.Id}","PUT","/api/Productos/{id:guid}","ProductosController","PutAsync","Facturacion.Frontend/Pages/Productos.cshtml.cs:136"
"matched","PUT","/api/proveedores/{proveedorData.Id}","PUT","/api/Proveedores/{id:guid}","ProveedoresController","PutAsync","Facturacion.Frontend/Pages/Proveedores.cshtml.cs:115"
"matched","PUT","/api/roles/{id}/privilegios","PUT","/api/Roles/{id}/privilegios","RolesController","UpdatePrivilegiosAsync","Facturacion.Frontend/Pages/Roles.cshtml.cs:282"
"matched","PUT","/api/roles/{rolId}","PUT","/api/Roles/{id}","RolesController","PutAsync","Facturacion.Frontend/Pages/Roles.cshtml.cs:196"
"matched","PUT","/api/sucursales/{sucursal.Id}","PUT","/api/Sucursales/{id:guid}","SucursalesController","PutAsync","Facturacion.Frontend/Pages/Empresas.cshtml.cs:425"
"matched","PUT","/api/sucursales/{sucursalData.Id}","PUT","/api/Sucursales/{id:guid}","SucursalesController","PutAsync","Facturacion.Frontend/Pages/Sucursales.cshtml.cs:159"
"matched","PUT","/api/terminales/{terminal.Id}","PUT","/api/Terminales/{id:guid}","TerminalesController","PutAsync","Facturacion.Frontend/Pages/Empresas.cshtml.cs:570; Facturacion.Frontend/Pages/Terminales.cshtml.cs:173"
"matched","PUT","/api/usuarios/{usuarioId}","PUT","/api/Usuarios/{id}","UsuariosController","PutAsync","Facturacion.Frontend/Pages/Usuarios.cshtml.cs:196"
"method_mismatch","GET","/api/cabys/buscar?termino={termino}","POST","/api/Cabys/buscar","CabysController","BuscarAsync","Facturacion.Frontend/Pages/MantenimientoCabys.cshtml.cs:71"
"method_mismatch","GET","/api/categorias","POST","/api/Categorias","CategoriasController","PostAsync","Facturacion.Frontend/Pages/AsignarProductosSucursal.cshtml.cs:73; Facturacion.Frontend/Pages/Categorias.cshtml.cs:49; Facturacion.Frontend/Pages/ReporteProductos.cshtml.cs:105"
"method_mismatch","GET","/api/gastos","POST","/api/Gastos","GastosController","PostAsync","Facturacion.Frontend/Pages/Gasto.cshtml.cs:43"
"method_mismatch","GET","/api/proveedores","POST","/api/Proveedores","ProveedoresController","PostAsync","Facturacion.Frontend/Pages/Gasto.cshtml.cs:193; Facturacion.Frontend/Pages/Proveedores.cshtml.cs:45"
"unmatched","DELETE","/api/inventario/desasignar-producto/{asignacionId}","","","","","Facturacion.Frontend/Pages/AsignarProductosSucursal.cshtml.cs:192"
"unmatched","DELETE","/api/seguridad/cerrar-sesion/{sesionId}","","","","","Facturacion.Frontend/Pages/Seguridad.cshtml.cs:163"
"unmatched","GET","/api/cabys","","","","","Facturacion.Frontend/Pages/MantenimientoCabys.cshtml.cs:42"
"unmatched","GET","/api/catalogos/codigos-tarifas-iva","","","","","Facturacion.Frontend/Pages/CodigosTarifasIVA.cshtml.cs:42"
"unmatched","GET","/api/catalogos/formas-farmaceuticas","","","","","Facturacion.Frontend/Pages/Facturacion.cshtml.cs:573; Facturacion.Frontend/Pages/FormasFarmaceuticas.cshtml.cs:43"
"unmatched","GET","/api/catalogos/formas-pago","","","","","Facturacion.Frontend/Pages/FormasPago.cshtml.cs:42"
"unmatched","GET","/api/catalogos/monedas","","","","","Facturacion.Frontend/Pages/Monedas.cshtml.cs:42"
"unmatched","GET","/api/catalogos/tipos-codigos-producto","","","","","Facturacion.Frontend/Pages/TiposCodigosProducto.cshtml.cs:42"
"unmatched","GET","/api/catalogos/tipos-documentos","","","","","Facturacion.Frontend/Pages/TiposDocumentos.cshtml.cs:42"
"unmatched","GET","/api/catalogos/tipos-exoneracion","","","","","Facturacion.Frontend/Pages/TiposExoneracion.cshtml.cs:42"
"unmatched","GET","/api/catalogos/tipos-identificacion","","","","","Facturacion.Frontend/Pages/TiposIdentificacion.cshtml.cs:42"
"unmatched","GET","/api/catalogos/tipos-otros-cargos","","","","","Facturacion.Frontend/Pages/TiposOtrosCargos.cshtml.cs:42"
"unmatched","GET","/api/catalogos/tipos-referencias","","","","","Facturacion.Frontend/Pages/TiposReferencias.cshtml.cs:42"
"unmatched","GET","/api/correo/configuracion","","","","","Facturacion.Frontend/Pages/ConfiguracionCorreo.cshtml.cs:43"
"unmatched","GET","/api/Documentos/{id}/pdf","","","","","Facturacion.Frontend/Pages/Documentos.cshtml.cs:271; Facturacion.Frontend/Pages/Index.cshtml.cs:111"
"unmatched","GET","/api/Documentos{queryString}","","","","","Facturacion.Frontend/Pages/Documentos.cshtml.cs:88; Facturacion.Frontend/Pages/Index.cshtml.cs:77"
"unmatched","GET","/api/inventario/productos-asignados?sucursalId={sucursalId}","","","","","Facturacion.Frontend/Pages/AsignarProductosSucursal.cshtml.cs:131"
"unmatched","GET","/api/inventario/productos-disponibles?sucursalId={sucursalId}","","","","","Facturacion.Frontend/Pages/AsignarProductosSucursal.cshtml.cs:102"
"unmatched","GET","/api/MovimientosInventario/empresa/{empresaId}{queryString}","","","","","Facturacion.Frontend/Pages/Movimientos.cshtml.cs:79"
"unmatched","GET","/api/recepciones","","","","","Facturacion.Frontend/Pages/Recepciones.cshtml.cs:43"
"unmatched","GET","/api/recepciones/{id}","","","","","Facturacion.Frontend/Pages/Recepciones.cshtml.cs:73"
"unmatched","GET","/api/recepciones/{id}/xml","","","","","Facturacion.Frontend/Pages/Recepciones.cshtml.cs:103"
"unmatched","GET","/api/reportes/documentos-emitidos/resumen?fechaInicio={fechaInicio}&fechaFin={fechaFin}&tipoDocumento={tipoDocumento}","","","","","Facturacion.Frontend/Pages/ReporteDocumentosEmitidos.cshtml.cs:74"
"unmatched","GET","/api/reportes/documentos-emitidos?fechaInicio={fechaInicio}&fechaFin={fechaFin}&tipoDocumento={tipoDocumento}","","","","","Facturacion.Frontend/Pages/ReporteDocumentosEmitidos.cshtml.cs:43"
"unmatched","GET","/api/reportes/documentos-recibidos/resumen?fechaInicio={fechaInicio}&fechaFin={fechaFin}&estadoRespuesta={estadoRespuesta}","","","","","Facturacion.Frontend/Pages/ReporteDocumentosRecibidos.cshtml.cs:74"
"unmatched","GET","/api/reportes/documentos-recibidos?fechaInicio={fechaInicio}&fechaFin={fechaFin}&estadoRespuesta={estadoRespuesta}","","","","","Facturacion.Frontend/Pages/ReporteDocumentosRecibidos.cshtml.cs:43"
"unmatched","GET","/api/reportes/gastos/graficos?fechaInicio={fechaInicio}&fechaFin={fechaFin}&categoriaGasto={categoriaGasto}","","","","","Facturacion.Frontend/Pages/ReporteGastos.cshtml.cs:105"
"unmatched","GET","/api/reportes/gastos/resumen?fechaInicio={fechaInicio}&fechaFin={fechaFin}&categoriaGasto={categoriaGasto}","","","","","Facturacion.Frontend/Pages/ReporteGastos.cshtml.cs:74"
"unmatched","GET","/api/reportes/gastos/top-proveedores?fechaInicio={fechaInicio}&fechaFin={fechaFin}&categoriaGasto={categoriaGasto}","","","","","Facturacion.Frontend/Pages/ReporteGastos.cshtml.cs:136"
"unmatched","GET","/api/reportes/productos/resumen?categoriaId={categoriaId}&estado={estado}&stockBajo={stockBajo}","","","","","Facturacion.Frontend/Pages/ReporteProductos.cshtml.cs:75"
"unmatched","GET","/api/reportes/ventas/grafico?fechaInicio={fechaInicio}&fechaFin={fechaFin}&agruparPor={agruparPor}","","","","","Facturacion.Frontend/Pages/ReporteVentas.cshtml.cs:74"
"unmatched","GET","/api/reportes/ventas/resumen?fechaInicio={fechaInicio}&fechaFin={fechaFin}","","","","","Facturacion.Frontend/Pages/ReporteVentas.cshtml.cs:43"
"unmatched","GET","/api/reportes/ventas/top-clientes?fechaInicio={fechaInicio}&fechaFin={fechaFin}","","","","","Facturacion.Frontend/Pages/ReporteVentas.cshtml.cs:105"
"unmatched","GET","/api/reportes/ventas/top-productos?fechaInicio={fechaInicio}&fechaFin={fechaFin}","","","","","Facturacion.Frontend/Pages/ReporteVentas.cshtml.cs:136"
"unmatched","GET","/api/seguridad/audit-log","","","","","Facturacion.Frontend/Pages/Seguridad.cshtml.cs:105"
"unmatched","GET","/api/seguridad/configuracion","","","","","Facturacion.Frontend/Pages/Seguridad.cshtml.cs:43"
"unmatched","GET","/api/seguridad/sesiones-activas","","","","","Facturacion.Frontend/Pages/Seguridad.cshtml.cs:134"
"unmatched","POST","/api/cabys/importar","","","","","Facturacion.Frontend/Pages/MantenimientoCabys.cshtml.cs:130"
"unmatched","POST","/api/correo/configuracion","","","","","Facturacion.Frontend/Pages/ConfiguracionCorreo.cshtml.cs:75"
"unmatched","POST","/api/correo/enviar-prueba","","","","","Facturacion.Frontend/Pages/ConfiguracionCorreo.cshtml.cs:138"
"unmatched","POST","/api/correo/probar-conexion","","","","","Facturacion.Frontend/Pages/ConfiguracionCorreo.cshtml.cs:105"
"unmatched","POST","/api/Documentos/{documentoId}/enviar","","","","","Facturacion.Frontend/Pages/Facturacion.cshtml.cs:464"
"unmatched","POST","/api/inventario/asignar-productos","","","","","Facturacion.Frontend/Pages/AsignarProductosSucursal.cshtml.cs:163"
"unmatched","POST","/api/recepciones/responder","","","","","Facturacion.Frontend/Pages/Recepciones.cshtml.cs:136"
"unmatched","POST","/api/recepciones/sincronizar","","","","","Facturacion.Frontend/Pages/Recepciones.cshtml.cs:166"
"unmatched","POST","/api/seguridad/cerrar-todas-sesiones","","","","","Facturacion.Frontend/Pages/Seguridad.cshtml.cs:192"
"unmatched","POST","/api/seguridad/configuracion","","","","","Facturacion.Frontend/Pages/Seguridad.cshtml.cs:75"
